{
    "train_losses": [
        0.17465551695695702,
        0.08397538854903844,
        0.06462908688915271,
        0.04747220546589422,
        0.05749495249676636,
        0.042591931476588844,
        0.0221253469560186,
        0.04249335027366392,
        0.04960278869664573,
        0.024738684606403126,
        0.023926915254360682,
        0.01189041425323012,
        0.07537740940101861,
        0.01222535431680307,
        0.012827820237341504,
        0.02248696363468097
    ],
    "train_accs": [
        94.3019943019943,
        97.22222222222223,
        97.83272283272284,
        98.44322344322345,
        98.0972730972731,
        98.52462352462352,
        99.2063492063492,
        98.89092389092389,
        98.36182336182337,
        99.15547415547415,
        99.15547415547415,
        99.68457468457468,
        97.91412291412291,
        99.49124949124949,
        99.59299959299959,
        99.43019943019944
    ],
    "val_accs": [
        98.08709808709808,
        98.77899877899878,
        98.33129833129833,
        98.04639804639805,
        98.24989824989825,
        98.98249898249898,
        98.77899877899878,
        98.9010989010989,
        97.47659747659748,
        98.77899877899878,
        99.1045991045991,
        99.1045991045991,
        98.37199837199837,
        99.1045991045991,
        98.94179894179894,
        99.02319902319903
    ],
    "best_val_acc": 99.1045991045991,
    "epochs_completed": 16
}